time_id,date,hour,day,day_of_week,month,year
2019022823,2019-02-28,23,28,Thursday,2,2019
2019022822,2019-02-28,22,28,Thursday,2,2019
2019022821,2019-02-28,21,28,Thursday,2,2019
2019022820,2019-02-28,20,28,Thursday,2,2019
2019022819,2019-02-28,19,28,Thursday,2,2019
2019022818,2019-02-28,18,28,Thursday,2,2019
2019022817,2019-02-28,17,28,Thursday,2,2019
2019022816,2019-02-28,16,28,Thursday,2,2019
2019022815,2019-02-28,15,28,Thursday,2,2019
2019022814,2019-02-28,14,28,Thursday,2,2019
2019022813,2019-02-28,13,28,Thursday,2,2019
2019022812,2019-02-28,12,28,Thursday,2,2019
2019022811,2019-02-28,11,28,Thursday,2,2019
2019022810,2019-02-28,10,28,Thursday,2,2019
2019022809,2019-02-28,9,28,Thursday,2,2019
2019022808,2019-02-28,8,28,Thursday,2,2019
2019022807,2019-02-28,7,28,Thursday,2,2019
2019022805,2019-02-28,5,28,Thursday,2,2019
2019022806,2019-02-28,6,28,Thursday,2,2019
2019022804,2019-02-28,4,28,Thursday,2,2019
2019022803,2019-02-28,3,28,Thursday,2,2019
2019022802,2019-02-28,2,28,Thursday,2,2019
2019022801,2019-02-28,1,28,Thursday,2,2019
2019022800,2019-02-28,0,28,Thursday,2,2019
2019022723,2019-02-27,23,27,Wednesday,2,2019
2019022722,2019-02-27,22,27,Wednesday,2,2019
2019022721,2019-02-27,21,27,Wednesday,2,2019
2019022720,2019-02-27,20,27,Wednesday,2,2019
2019022719,2019-02-27,19,27,Wednesday,2,2019
2019022718,2019-02-27,18,27,Wednesday,2,2019
2019022717,2019-02-27,17,27,Wednesday,2,2019
2019022716,2019-02-27,16,27,Wednesday,2,2019
2019022715,2019-02-27,15,27,Wednesday,2,2019
2019022714,2019-02-27,14,27,Wednesday,2,2019
2019022713,2019-02-27,13,27,Wednesday,2,2019
2019022712,2019-02-27,12,27,Wednesday,2,2019
2019022711,2019-02-27,11,27,Wednesday,2,2019
2019022710,2019-02-27,10,27,Wednesday,2,2019
2019022709,2019-02-27,9,27,Wednesday,2,2019
2019022708,2019-02-27,8,27,Wednesday,2,2019
2019022707,2019-02-27,7,27,Wednesday,2,2019
2019022706,2019-02-27,6,27,Wednesday,2,2019
2019022705,2019-02-27,5,27,Wednesday,2,2019
2019022704,2019-02-27,4,27,Wednesday,2,2019
2019022703,2019-02-27,3,27,Wednesday,2,2019
2019022702,2019-02-27,2,27,Wednesday,2,2019
2019022701,2019-02-27,1,27,Wednesday,2,2019
2019022700,2019-02-27,0,27,Wednesday,2,2019
2019022623,2019-02-26,23,26,Tuesday,2,2019
2019022622,2019-02-26,22,26,Tuesday,2,2019
2019022621,2019-02-26,21,26,Tuesday,2,2019
2019022620,2019-02-26,20,26,Tuesday,2,2019
2019022619,2019-02-26,19,26,Tuesday,2,2019
2019022618,2019-02-26,18,26,Tuesday,2,2019
2019022617,2019-02-26,17,26,Tuesday,2,2019
2019022616,2019-02-26,16,26,Tuesday,2,2019
2019022615,2019-02-26,15,26,Tuesday,2,2019
2019022614,2019-02-26,14,26,Tuesday,2,2019
2019022613,2019-02-26,13,26,Tuesday,2,2019
2019022612,2019-02-26,12,26,Tuesday,2,2019
2019022611,2019-02-26,11,26,Tuesday,2,2019
2019022610,2019-02-26,10,26,Tuesday,2,2019
2019022609,2019-02-26,9,26,Tuesday,2,2019
2019022608,2019-02-26,8,26,Tuesday,2,2019
2019022607,2019-02-26,7,26,Tuesday,2,2019
2019022606,2019-02-26,6,26,Tuesday,2,2019
2019022605,2019-02-26,5,26,Tuesday,2,2019
2019022604,2019-02-26,4,26,Tuesday,2,2019
2019022603,2019-02-26,3,26,Tuesday,2,2019
2019022602,2019-02-26,2,26,Tuesday,2,2019
2019022601,2019-02-26,1,26,Tuesday,2,2019
2019022600,2019-02-26,0,26,Tuesday,2,2019
2019022523,2019-02-25,23,25,Monday,2,2019
2019022522,2019-02-25,22,25,Monday,2,2019
2019022521,2019-02-25,21,25,Monday,2,2019
2019022520,2019-02-25,20,25,Monday,2,2019
2019022519,2019-02-25,19,25,Monday,2,2019
2019022518,2019-02-25,18,25,Monday,2,2019
2019022517,2019-02-25,17,25,Monday,2,2019
2019022516,2019-02-25,16,25,Monday,2,2019
2019022515,2019-02-25,15,25,Monday,2,2019
2019022514,2019-02-25,14,25,Monday,2,2019
2019022513,2019-02-25,13,25,Monday,2,2019
2019022512,2019-02-25,12,25,Monday,2,2019
2019022510,2019-02-25,10,25,Monday,2,2019
2019022511,2019-02-25,11,25,Monday,2,2019
2019022509,2019-02-25,9,25,Monday,2,2019
2019022508,2019-02-25,8,25,Monday,2,2019
2019022507,2019-02-25,7,25,Monday,2,2019
2019022506,2019-02-25,6,25,Monday,2,2019
2019022505,2019-02-25,5,25,Monday,2,2019
2019022504,2019-02-25,4,25,Monday,2,2019
2019022503,2019-02-25,3,25,Monday,2,2019
2019022502,2019-02-25,2,25,Monday,2,2019
2019022501,2019-02-25,1,25,Monday,2,2019
2019022500,2019-02-25,0,25,Monday,2,2019
2019022423,2019-02-24,23,24,Sunday,2,2019
2019022422,2019-02-24,22,24,Sunday,2,2019
2019022421,2019-02-24,21,24,Sunday,2,2019
2019022420,2019-02-24,20,24,Sunday,2,2019
2019022419,2019-02-24,19,24,Sunday,2,2019
2019022418,2019-02-24,18,24,Sunday,2,2019
2019022417,2019-02-24,17,24,Sunday,2,2019
2019022416,2019-02-24,16,24,Sunday,2,2019
2019022415,2019-02-24,15,24,Sunday,2,2019
2019022414,2019-02-24,14,24,Sunday,2,2019
2019022413,2019-02-24,13,24,Sunday,2,2019
2019022412,2019-02-24,12,24,Sunday,2,2019
2019022411,2019-02-24,11,24,Sunday,2,2019
2019022410,2019-02-24,10,24,Sunday,2,2019
2019022409,2019-02-24,9,24,Sunday,2,2019
2019022408,2019-02-24,8,24,Sunday,2,2019
2019022407,2019-02-24,7,24,Sunday,2,2019
2019022406,2019-02-24,6,24,Sunday,2,2019
2019022405,2019-02-24,5,24,Sunday,2,2019
2019022404,2019-02-24,4,24,Sunday,2,2019
2019022403,2019-02-24,3,24,Sunday,2,2019
2019022402,2019-02-24,2,24,Sunday,2,2019
2019022401,2019-02-24,1,24,Sunday,2,2019
2019022400,2019-02-24,0,24,Sunday,2,2019
2019022323,2019-02-23,23,23,Saturday,2,2019
2019022322,2019-02-23,22,23,Saturday,2,2019
2019022321,2019-02-23,21,23,Saturday,2,2019
2019022320,2019-02-23,20,23,Saturday,2,2019
2019022319,2019-02-23,19,23,Saturday,2,2019
2019022318,2019-02-23,18,23,Saturday,2,2019
2019022317,2019-02-23,17,23,Saturday,2,2019
2019022316,2019-02-23,16,23,Saturday,2,2019
2019022315,2019-02-23,15,23,Saturday,2,2019
2019022314,2019-02-23,14,23,Saturday,2,2019
2019022313,2019-02-23,13,23,Saturday,2,2019
2019022312,2019-02-23,12,23,Saturday,2,2019
2019022311,2019-02-23,11,23,Saturday,2,2019
2019022310,2019-02-23,10,23,Saturday,2,2019
2019022309,2019-02-23,9,23,Saturday,2,2019
2019022308,2019-02-23,8,23,Saturday,2,2019
2019022307,2019-02-23,7,23,Saturday,2,2019
2019022306,2019-02-23,6,23,Saturday,2,2019
2019022305,2019-02-23,5,23,Saturday,2,2019
2019022304,2019-02-23,4,23,Saturday,2,2019
2019022303,2019-02-23,3,23,Saturday,2,2019
2019022302,2019-02-23,2,23,Saturday,2,2019
2019022301,2019-02-23,1,23,Saturday,2,2019
2019022300,2019-02-23,0,23,Saturday,2,2019
2019022223,2019-02-22,23,22,Friday,2,2019
2019022222,2019-02-22,22,22,Friday,2,2019
2019022221,2019-02-22,21,22,Friday,2,2019
2019022220,2019-02-22,20,22,Friday,2,2019
2019022219,2019-02-22,19,22,Friday,2,2019
2019022218,2019-02-22,18,22,Friday,2,2019
2019022217,2019-02-22,17,22,Friday,2,2019
2019022216,2019-02-22,16,22,Friday,2,2019
2019022215,2019-02-22,15,22,Friday,2,2019
2019022214,2019-02-22,14,22,Friday,2,2019
2019022213,2019-02-22,13,22,Friday,2,2019
2019022212,2019-02-22,12,22,Friday,2,2019
2019022211,2019-02-22,11,22,Friday,2,2019
2019022210,2019-02-22,10,22,Friday,2,2019
2019022209,2019-02-22,9,22,Friday,2,2019
2019022208,2019-02-22,8,22,Friday,2,2019
2019022207,2019-02-22,7,22,Friday,2,2019
2019022206,2019-02-22,6,22,Friday,2,2019
2019022205,2019-02-22,5,22,Friday,2,2019
2019022204,2019-02-22,4,22,Friday,2,2019
2019022203,2019-02-22,3,22,Friday,2,2019
2019022201,2019-02-22,1,22,Friday,2,2019
2019022202,2019-02-22,2,22,Friday,2,2019
2019022200,2019-02-22,0,22,Friday,2,2019
2019022123,2019-02-21,23,21,Thursday,2,2019
2019022122,2019-02-21,22,21,Thursday,2,2019
2019022121,2019-02-21,21,21,Thursday,2,2019
2019022120,2019-02-21,20,21,Thursday,2,2019
2019022118,2019-02-21,18,21,Thursday,2,2019
2019022119,2019-02-21,19,21,Thursday,2,2019
2019022117,2019-02-21,17,21,Thursday,2,2019
2019022116,2019-02-21,16,21,Thursday,2,2019
2019022115,2019-02-21,15,21,Thursday,2,2019
2019022114,2019-02-21,14,21,Thursday,2,2019
2019022113,2019-02-21,13,21,Thursday,2,2019
2019022112,2019-02-21,12,21,Thursday,2,2019
2019022111,2019-02-21,11,21,Thursday,2,2019
2019022110,2019-02-21,10,21,Thursday,2,2019
2019022109,2019-02-21,9,21,Thursday,2,2019
2019022108,2019-02-21,8,21,Thursday,2,2019
2019022107,2019-02-21,7,21,Thursday,2,2019
2019022106,2019-02-21,6,21,Thursday,2,2019
2019022105,2019-02-21,5,21,Thursday,2,2019
2019022104,2019-02-21,4,21,Thursday,2,2019
2019022103,2019-02-21,3,21,Thursday,2,2019
2019022102,2019-02-21,2,21,Thursday,2,2019
2019022101,2019-02-21,1,21,Thursday,2,2019
2019022100,2019-02-21,0,21,Thursday,2,2019
2019022023,2019-02-20,23,20,Wednesday,2,2019
2019022022,2019-02-20,22,20,Wednesday,2,2019
2019022021,2019-02-20,21,20,Wednesday,2,2019
2019022020,2019-02-20,20,20,Wednesday,2,2019
2019022019,2019-02-20,19,20,Wednesday,2,2019
2019022018,2019-02-20,18,20,Wednesday,2,2019
2019022017,2019-02-20,17,20,Wednesday,2,2019
2019022016,2019-02-20,16,20,Wednesday,2,2019
2019022015,2019-02-20,15,20,Wednesday,2,2019
2019022014,2019-02-20,14,20,Wednesday,2,2019
2019022013,2019-02-20,13,20,Wednesday,2,2019
2019022012,2019-02-20,12,20,Wednesday,2,2019
2019022011,2019-02-20,11,20,Wednesday,2,2019
2019022010,2019-02-20,10,20,Wednesday,2,2019
2019022009,2019-02-20,9,20,Wednesday,2,2019
2019022008,2019-02-20,8,20,Wednesday,2,2019
2019022007,2019-02-20,7,20,Wednesday,2,2019
2019022006,2019-02-20,6,20,Wednesday,2,2019
2019022005,2019-02-20,5,20,Wednesday,2,2019
2019022004,2019-02-20,4,20,Wednesday,2,2019
2019022003,2019-02-20,3,20,Wednesday,2,2019
2019022002,2019-02-20,2,20,Wednesday,2,2019
2019022001,2019-02-20,1,20,Wednesday,2,2019
2019022000,2019-02-20,0,20,Wednesday,2,2019
2019021923,2019-02-19,23,19,Tuesday,2,2019
2019021922,2019-02-19,22,19,Tuesday,2,2019
2019021921,2019-02-19,21,19,Tuesday,2,2019
2019021920,2019-02-19,20,19,Tuesday,2,2019
2019021919,2019-02-19,19,19,Tuesday,2,2019
2019021918,2019-02-19,18,19,Tuesday,2,2019
2019021917,2019-02-19,17,19,Tuesday,2,2019
2019021916,2019-02-19,16,19,Tuesday,2,2019
2019021915,2019-02-19,15,19,Tuesday,2,2019
2019021914,2019-02-19,14,19,Tuesday,2,2019
2019021913,2019-02-19,13,19,Tuesday,2,2019
2019021912,2019-02-19,12,19,Tuesday,2,2019
2019021911,2019-02-19,11,19,Tuesday,2,2019
2019021910,2019-02-19,10,19,Tuesday,2,2019
2019021909,2019-02-19,9,19,Tuesday,2,2019
2019021908,2019-02-19,8,19,Tuesday,2,2019
2019021907,2019-02-19,7,19,Tuesday,2,2019
2019021906,2019-02-19,6,19,Tuesday,2,2019
2019021905,2019-02-19,5,19,Tuesday,2,2019
2019021904,2019-02-19,4,19,Tuesday,2,2019
2019021903,2019-02-19,3,19,Tuesday,2,2019
2019021902,2019-02-19,2,19,Tuesday,2,2019
2019021901,2019-02-19,1,19,Tuesday,2,2019
2019021900,2019-02-19,0,19,Tuesday,2,2019
2019021823,2019-02-18,23,18,Monday,2,2019
2019021822,2019-02-18,22,18,Monday,2,2019
2019021821,2019-02-18,21,18,Monday,2,2019
2019021820,2019-02-18,20,18,Monday,2,2019
2019021819,2019-02-18,19,18,Monday,2,2019
2019021818,2019-02-18,18,18,Monday,2,2019
2019021817,2019-02-18,17,18,Monday,2,2019
2019021816,2019-02-18,16,18,Monday,2,2019
2019021815,2019-02-18,15,18,Monday,2,2019
2019021814,2019-02-18,14,18,Monday,2,2019
2019021813,2019-02-18,13,18,Monday,2,2019
2019021812,2019-02-18,12,18,Monday,2,2019
2019021811,2019-02-18,11,18,Monday,2,2019
2019021810,2019-02-18,10,18,Monday,2,2019
2019021809,2019-02-18,9,18,Monday,2,2019
2019021808,2019-02-18,8,18,Monday,2,2019
2019021807,2019-02-18,7,18,Monday,2,2019
2019021806,2019-02-18,6,18,Monday,2,2019
2019021805,2019-02-18,5,18,Monday,2,2019
2019021804,2019-02-18,4,18,Monday,2,2019
2019021803,2019-02-18,3,18,Monday,2,2019
2019021802,2019-02-18,2,18,Monday,2,2019
2019021801,2019-02-18,1,18,Monday,2,2019
2019021800,2019-02-18,0,18,Monday,2,2019
2019021723,2019-02-17,23,17,Sunday,2,2019
2019021722,2019-02-17,22,17,Sunday,2,2019
2019021721,2019-02-17,21,17,Sunday,2,2019
2019021720,2019-02-17,20,17,Sunday,2,2019
2019021719,2019-02-17,19,17,Sunday,2,2019
2019021718,2019-02-17,18,17,Sunday,2,2019
2019021717,2019-02-17,17,17,Sunday,2,2019
2019021716,2019-02-17,16,17,Sunday,2,2019
2019021715,2019-02-17,15,17,Sunday,2,2019
2019021714,2019-02-17,14,17,Sunday,2,2019
2019021713,2019-02-17,13,17,Sunday,2,2019
2019021712,2019-02-17,12,17,Sunday,2,2019
2019021711,2019-02-17,11,17,Sunday,2,2019
2019021710,2019-02-17,10,17,Sunday,2,2019
2019021709,2019-02-17,9,17,Sunday,2,2019
2019021708,2019-02-17,8,17,Sunday,2,2019
2019021707,2019-02-17,7,17,Sunday,2,2019
2019021706,2019-02-17,6,17,Sunday,2,2019
2019021705,2019-02-17,5,17,Sunday,2,2019
2019021704,2019-02-17,4,17,Sunday,2,2019
2019021703,2019-02-17,3,17,Sunday,2,2019
2019021702,2019-02-17,2,17,Sunday,2,2019
2019021701,2019-02-17,1,17,Sunday,2,2019
2019021700,2019-02-17,0,17,Sunday,2,2019
2019021623,2019-02-16,23,16,Saturday,2,2019
2019021622,2019-02-16,22,16,Saturday,2,2019
2019021621,2019-02-16,21,16,Saturday,2,2019
2019021620,2019-02-16,20,16,Saturday,2,2019
2019021619,2019-02-16,19,16,Saturday,2,2019
2019021618,2019-02-16,18,16,Saturday,2,2019
2019021617,2019-02-16,17,16,Saturday,2,2019
2019021616,2019-02-16,16,16,Saturday,2,2019
2019021615,2019-02-16,15,16,Saturday,2,2019
2019021614,2019-02-16,14,16,Saturday,2,2019
2019021613,2019-02-16,13,16,Saturday,2,2019
2019021612,2019-02-16,12,16,Saturday,2,2019
2019021611,2019-02-16,11,16,Saturday,2,2019
2019021610,2019-02-16,10,16,Saturday,2,2019
2019021609,2019-02-16,9,16,Saturday,2,2019
2019021608,2019-02-16,8,16,Saturday,2,2019
2019021607,2019-02-16,7,16,Saturday,2,2019
2019021606,2019-02-16,6,16,Saturday,2,2019
2019021605,2019-02-16,5,16,Saturday,2,2019
2019021604,2019-02-16,4,16,Saturday,2,2019
2019021603,2019-02-16,3,16,Saturday,2,2019
2019021602,2019-02-16,2,16,Saturday,2,2019
2019021601,2019-02-16,1,16,Saturday,2,2019
2019021600,2019-02-16,0,16,Saturday,2,2019
2019021523,2019-02-15,23,15,Friday,2,2019
2019021522,2019-02-15,22,15,Friday,2,2019
2019021521,2019-02-15,21,15,Friday,2,2019
2019021520,2019-02-15,20,15,Friday,2,2019
2019021519,2019-02-15,19,15,Friday,2,2019
2019021517,2019-02-15,17,15,Friday,2,2019
2019021518,2019-02-15,18,15,Friday,2,2019
2019021516,2019-02-15,16,15,Friday,2,2019
2019021515,2019-02-15,15,15,Friday,2,2019
2019021514,2019-02-15,14,15,Friday,2,2019
2019021513,2019-02-15,13,15,Friday,2,2019
2019021512,2019-02-15,12,15,Friday,2,2019
2019021511,2019-02-15,11,15,Friday,2,2019
2019021510,2019-02-15,10,15,Friday,2,2019
2019021509,2019-02-15,9,15,Friday,2,2019
2019021508,2019-02-15,8,15,Friday,2,2019
2019021507,2019-02-15,7,15,Friday,2,2019
2019021506,2019-02-15,6,15,Friday,2,2019
2019021505,2019-02-15,5,15,Friday,2,2019
2019021504,2019-02-15,4,15,Friday,2,2019
2019021503,2019-02-15,3,15,Friday,2,2019
2019021502,2019-02-15,2,15,Friday,2,2019
2019021500,2019-02-15,0,15,Friday,2,2019
2019021501,2019-02-15,1,15,Friday,2,2019
2019021423,2019-02-14,23,14,Thursday,2,2019
2019021422,2019-02-14,22,14,Thursday,2,2019
2019021421,2019-02-14,21,14,Thursday,2,2019
2019021420,2019-02-14,20,14,Thursday,2,2019
2019021419,2019-02-14,19,14,Thursday,2,2019
2019021418,2019-02-14,18,14,Thursday,2,2019
2019021417,2019-02-14,17,14,Thursday,2,2019
2019021416,2019-02-14,16,14,Thursday,2,2019
2019021415,2019-02-14,15,14,Thursday,2,2019
2019021414,2019-02-14,14,14,Thursday,2,2019
2019021413,2019-02-14,13,14,Thursday,2,2019
2019021412,2019-02-14,12,14,Thursday,2,2019
2019021411,2019-02-14,11,14,Thursday,2,2019
2019021410,2019-02-14,10,14,Thursday,2,2019
2019021409,2019-02-14,9,14,Thursday,2,2019
2019021408,2019-02-14,8,14,Thursday,2,2019
2019021407,2019-02-14,7,14,Thursday,2,2019
2019021406,2019-02-14,6,14,Thursday,2,2019
2019021405,2019-02-14,5,14,Thursday,2,2019
2019021404,2019-02-14,4,14,Thursday,2,2019
2019021403,2019-02-14,3,14,Thursday,2,2019
2019021402,2019-02-14,2,14,Thursday,2,2019
2019021401,2019-02-14,1,14,Thursday,2,2019
2019021400,2019-02-14,0,14,Thursday,2,2019
2019021323,2019-02-13,23,13,Wednesday,2,2019
2019021322,2019-02-13,22,13,Wednesday,2,2019
2019021321,2019-02-13,21,13,Wednesday,2,2019
2019021320,2019-02-13,20,13,Wednesday,2,2019
2019021319,2019-02-13,19,13,Wednesday,2,2019
2019021318,2019-02-13,18,13,Wednesday,2,2019
2019021317,2019-02-13,17,13,Wednesday,2,2019
2019021316,2019-02-13,16,13,Wednesday,2,2019
2019021315,2019-02-13,15,13,Wednesday,2,2019
2019021314,2019-02-13,14,13,Wednesday,2,2019
2019021313,2019-02-13,13,13,Wednesday,2,2019
2019021312,2019-02-13,12,13,Wednesday,2,2019
2019021311,2019-02-13,11,13,Wednesday,2,2019
2019021310,2019-02-13,10,13,Wednesday,2,2019
2019021309,2019-02-13,9,13,Wednesday,2,2019
2019021308,2019-02-13,8,13,Wednesday,2,2019
2019021307,2019-02-13,7,13,Wednesday,2,2019
2019021306,2019-02-13,6,13,Wednesday,2,2019
2019021305,2019-02-13,5,13,Wednesday,2,2019
2019021304,2019-02-13,4,13,Wednesday,2,2019
2019021303,2019-02-13,3,13,Wednesday,2,2019
2019021301,2019-02-13,1,13,Wednesday,2,2019
2019021302,2019-02-13,2,13,Wednesday,2,2019
2019021300,2019-02-13,0,13,Wednesday,2,2019
2019021223,2019-02-12,23,12,Tuesday,2,2019
2019021222,2019-02-12,22,12,Tuesday,2,2019
2019021221,2019-02-12,21,12,Tuesday,2,2019
2019021220,2019-02-12,20,12,Tuesday,2,2019
2019021219,2019-02-12,19,12,Tuesday,2,2019
2019021218,2019-02-12,18,12,Tuesday,2,2019
2019021217,2019-02-12,17,12,Tuesday,2,2019
2019021216,2019-02-12,16,12,Tuesday,2,2019
2019021215,2019-02-12,15,12,Tuesday,2,2019
2019021214,2019-02-12,14,12,Tuesday,2,2019
2019021213,2019-02-12,13,12,Tuesday,2,2019
2019021212,2019-02-12,12,12,Tuesday,2,2019
2019021211,2019-02-12,11,12,Tuesday,2,2019
2019021210,2019-02-12,10,12,Tuesday,2,2019
2019021209,2019-02-12,9,12,Tuesday,2,2019
2019021208,2019-02-12,8,12,Tuesday,2,2019
2019021207,2019-02-12,7,12,Tuesday,2,2019
2019021206,2019-02-12,6,12,Tuesday,2,2019
2019021205,2019-02-12,5,12,Tuesday,2,2019
2019021204,2019-02-12,4,12,Tuesday,2,2019
2019021203,2019-02-12,3,12,Tuesday,2,2019
2019021202,2019-02-12,2,12,Tuesday,2,2019
2019021201,2019-02-12,1,12,Tuesday,2,2019
2019021200,2019-02-12,0,12,Tuesday,2,2019
2019021123,2019-02-11,23,11,Monday,2,2019
2019021122,2019-02-11,22,11,Monday,2,2019
2019021121,2019-02-11,21,11,Monday,2,2019
2019021120,2019-02-11,20,11,Monday,2,2019
2019021119,2019-02-11,19,11,Monday,2,2019
2019021118,2019-02-11,18,11,Monday,2,2019
2019021117,2019-02-11,17,11,Monday,2,2019
2019021116,2019-02-11,16,11,Monday,2,2019
2019021115,2019-02-11,15,11,Monday,2,2019
2019021114,2019-02-11,14,11,Monday,2,2019
2019021113,2019-02-11,13,11,Monday,2,2019
2019021112,2019-02-11,12,11,Monday,2,2019
2019021111,2019-02-11,11,11,Monday,2,2019
2019021110,2019-02-11,10,11,Monday,2,2019
2019021109,2019-02-11,9,11,Monday,2,2019
2019021108,2019-02-11,8,11,Monday,2,2019
2019021107,2019-02-11,7,11,Monday,2,2019
2019021106,2019-02-11,6,11,Monday,2,2019
2019021105,2019-02-11,5,11,Monday,2,2019
2019021104,2019-02-11,4,11,Monday,2,2019
2019021103,2019-02-11,3,11,Monday,2,2019
2019021102,2019-02-11,2,11,Monday,2,2019
2019021101,2019-02-11,1,11,Monday,2,2019
2019021023,2019-02-10,23,10,Sunday,2,2019
2019021100,2019-02-11,0,11,Monday,2,2019
2019021022,2019-02-10,22,10,Sunday,2,2019
2019021021,2019-02-10,21,10,Sunday,2,2019
2019021020,2019-02-10,20,10,Sunday,2,2019
2019021019,2019-02-10,19,10,Sunday,2,2019
2019021018,2019-02-10,18,10,Sunday,2,2019
2019021017,2019-02-10,17,10,Sunday,2,2019
2019021016,2019-02-10,16,10,Sunday,2,2019
2019021015,2019-02-10,15,10,Sunday,2,2019
2019021014,2019-02-10,14,10,Sunday,2,2019
2019021013,2019-02-10,13,10,Sunday,2,2019
2019021012,2019-02-10,12,10,Sunday,2,2019
2019021011,2019-02-10,11,10,Sunday,2,2019
2019021010,2019-02-10,10,10,Sunday,2,2019
2019021009,2019-02-10,9,10,Sunday,2,2019
2019021008,2019-02-10,8,10,Sunday,2,2019
2019021007,2019-02-10,7,10,Sunday,2,2019
2019021006,2019-02-10,6,10,Sunday,2,2019
2019021005,2019-02-10,5,10,Sunday,2,2019
2019021004,2019-02-10,4,10,Sunday,2,2019
2019021003,2019-02-10,3,10,Sunday,2,2019
2019021002,2019-02-10,2,10,Sunday,2,2019
2019021001,2019-02-10,1,10,Sunday,2,2019
2019021000,2019-02-10,0,10,Sunday,2,2019
2019020923,2019-02-09,23,9,Saturday,2,2019
2019020922,2019-02-09,22,9,Saturday,2,2019
2019020921,2019-02-09,21,9,Saturday,2,2019
2019020920,2019-02-09,20,9,Saturday,2,2019
2019020919,2019-02-09,19,9,Saturday,2,2019
2019020918,2019-02-09,18,9,Saturday,2,2019
2019020917,2019-02-09,17,9,Saturday,2,2019
2019020916,2019-02-09,16,9,Saturday,2,2019
2019020915,2019-02-09,15,9,Saturday,2,2019
2019020914,2019-02-09,14,9,Saturday,2,2019
2019020913,2019-02-09,13,9,Saturday,2,2019
2019020912,2019-02-09,12,9,Saturday,2,2019
2019020911,2019-02-09,11,9,Saturday,2,2019
2019020910,2019-02-09,10,9,Saturday,2,2019
2019020909,2019-02-09,9,9,Saturday,2,2019
2019020908,2019-02-09,8,9,Saturday,2,2019
2019020907,2019-02-09,7,9,Saturday,2,2019
2019020906,2019-02-09,6,9,Saturday,2,2019
2019020905,2019-02-09,5,9,Saturday,2,2019
2019020904,2019-02-09,4,9,Saturday,2,2019
2019020903,2019-02-09,3,9,Saturday,2,2019
2019020902,2019-02-09,2,9,Saturday,2,2019
2019020901,2019-02-09,1,9,Saturday,2,2019
2019020900,2019-02-09,0,9,Saturday,2,2019
2019020823,2019-02-08,23,8,Friday,2,2019
2019020822,2019-02-08,22,8,Friday,2,2019
2019020820,2019-02-08,20,8,Friday,2,2019
2019020821,2019-02-08,21,8,Friday,2,2019
2019020819,2019-02-08,19,8,Friday,2,2019
2019020818,2019-02-08,18,8,Friday,2,2019
2019020817,2019-02-08,17,8,Friday,2,2019
2019020816,2019-02-08,16,8,Friday,2,2019
2019020815,2019-02-08,15,8,Friday,2,2019
2019020814,2019-02-08,14,8,Friday,2,2019
2019020813,2019-02-08,13,8,Friday,2,2019
2019020812,2019-02-08,12,8,Friday,2,2019
2019020811,2019-02-08,11,8,Friday,2,2019
2019020810,2019-02-08,10,8,Friday,2,2019
2019020809,2019-02-08,9,8,Friday,2,2019
2019020808,2019-02-08,8,8,Friday,2,2019
2019020807,2019-02-08,7,8,Friday,2,2019
2019020806,2019-02-08,6,8,Friday,2,2019
2019020805,2019-02-08,5,8,Friday,2,2019
2019020804,2019-02-08,4,8,Friday,2,2019
2019020803,2019-02-08,3,8,Friday,2,2019
2019020802,2019-02-08,2,8,Friday,2,2019
2019020801,2019-02-08,1,8,Friday,2,2019
2019020800,2019-02-08,0,8,Friday,2,2019
2019020723,2019-02-07,23,7,Thursday,2,2019
2019020722,2019-02-07,22,7,Thursday,2,2019
2019020721,2019-02-07,21,7,Thursday,2,2019
2019020720,2019-02-07,20,7,Thursday,2,2019
2019020719,2019-02-07,19,7,Thursday,2,2019
2019020718,2019-02-07,18,7,Thursday,2,2019
2019020717,2019-02-07,17,7,Thursday,2,2019
2019020716,2019-02-07,16,7,Thursday,2,2019
2019020715,2019-02-07,15,7,Thursday,2,2019
2019020714,2019-02-07,14,7,Thursday,2,2019
2019020713,2019-02-07,13,7,Thursday,2,2019
2019020712,2019-02-07,12,7,Thursday,2,2019
2019020711,2019-02-07,11,7,Thursday,2,2019
2019020710,2019-02-07,10,7,Thursday,2,2019
2019020709,2019-02-07,9,7,Thursday,2,2019
2019020708,2019-02-07,8,7,Thursday,2,2019
2019020707,2019-02-07,7,7,Thursday,2,2019
2019020706,2019-02-07,6,7,Thursday,2,2019
2019020705,2019-02-07,5,7,Thursday,2,2019
2019020704,2019-02-07,4,7,Thursday,2,2019
2019020703,2019-02-07,3,7,Thursday,2,2019
2019020702,2019-02-07,2,7,Thursday,2,2019
2019020701,2019-02-07,1,7,Thursday,2,2019
2019020700,2019-02-07,0,7,Thursday,2,2019
2019020623,2019-02-06,23,6,Wednesday,2,2019
2019020622,2019-02-06,22,6,Wednesday,2,2019
2019020621,2019-02-06,21,6,Wednesday,2,2019
2019020620,2019-02-06,20,6,Wednesday,2,2019
2019020619,2019-02-06,19,6,Wednesday,2,2019
2019020618,2019-02-06,18,6,Wednesday,2,2019
2019020617,2019-02-06,17,6,Wednesday,2,2019
2019020616,2019-02-06,16,6,Wednesday,2,2019
2019020615,2019-02-06,15,6,Wednesday,2,2019
2019020614,2019-02-06,14,6,Wednesday,2,2019
2019020613,2019-02-06,13,6,Wednesday,2,2019
2019020612,2019-02-06,12,6,Wednesday,2,2019
2019020611,2019-02-06,11,6,Wednesday,2,2019
2019020610,2019-02-06,10,6,Wednesday,2,2019
2019020609,2019-02-06,9,6,Wednesday,2,2019
2019020608,2019-02-06,8,6,Wednesday,2,2019
2019020607,2019-02-06,7,6,Wednesday,2,2019
2019020606,2019-02-06,6,6,Wednesday,2,2019
2019020605,2019-02-06,5,6,Wednesday,2,2019
2019020604,2019-02-06,4,6,Wednesday,2,2019
2019020603,2019-02-06,3,6,Wednesday,2,2019
2019020602,2019-02-06,2,6,Wednesday,2,2019
2019020601,2019-02-06,1,6,Wednesday,2,2019
2019020600,2019-02-06,0,6,Wednesday,2,2019
2019020523,2019-02-05,23,5,Tuesday,2,2019
2019020522,2019-02-05,22,5,Tuesday,2,2019
2019020520,2019-02-05,20,5,Tuesday,2,2019
2019020521,2019-02-05,21,5,Tuesday,2,2019
2019020519,2019-02-05,19,5,Tuesday,2,2019
2019020518,2019-02-05,18,5,Tuesday,2,2019
2019020517,2019-02-05,17,5,Tuesday,2,2019
2019020516,2019-02-05,16,5,Tuesday,2,2019
2019020515,2019-02-05,15,5,Tuesday,2,2019
2019020514,2019-02-05,14,5,Tuesday,2,2019
2019020513,2019-02-05,13,5,Tuesday,2,2019
2019020512,2019-02-05,12,5,Tuesday,2,2019
2019020511,2019-02-05,11,5,Tuesday,2,2019
2019020510,2019-02-05,10,5,Tuesday,2,2019
2019020509,2019-02-05,9,5,Tuesday,2,2019
2019020508,2019-02-05,8,5,Tuesday,2,2019
2019020507,2019-02-05,7,5,Tuesday,2,2019
2019020506,2019-02-05,6,5,Tuesday,2,2019
2019020505,2019-02-05,5,5,Tuesday,2,2019
2019020504,2019-02-05,4,5,Tuesday,2,2019
2019020503,2019-02-05,3,5,Tuesday,2,2019
2019020502,2019-02-05,2,5,Tuesday,2,2019
2019020501,2019-02-05,1,5,Tuesday,2,2019
2019020500,2019-02-05,0,5,Tuesday,2,2019
2019020423,2019-02-04,23,4,Monday,2,2019
2019020422,2019-02-04,22,4,Monday,2,2019
2019020421,2019-02-04,21,4,Monday,2,2019
2019020420,2019-02-04,20,4,Monday,2,2019
2019020419,2019-02-04,19,4,Monday,2,2019
2019020418,2019-02-04,18,4,Monday,2,2019
2019020417,2019-02-04,17,4,Monday,2,2019
2019020416,2019-02-04,16,4,Monday,2,2019
2019020415,2019-02-04,15,4,Monday,2,2019
2019020414,2019-02-04,14,4,Monday,2,2019
2019020413,2019-02-04,13,4,Monday,2,2019
2019020412,2019-02-04,12,4,Monday,2,2019
2019020411,2019-02-04,11,4,Monday,2,2019
2019020410,2019-02-04,10,4,Monday,2,2019
2019020409,2019-02-04,9,4,Monday,2,2019
2019020408,2019-02-04,8,4,Monday,2,2019
2019020407,2019-02-04,7,4,Monday,2,2019
2019020406,2019-02-04,6,4,Monday,2,2019
2019020405,2019-02-04,5,4,Monday,2,2019
2019020404,2019-02-04,4,4,Monday,2,2019
2019020403,2019-02-04,3,4,Monday,2,2019
2019020402,2019-02-04,2,4,Monday,2,2019
2019020401,2019-02-04,1,4,Monday,2,2019
2019020400,2019-02-04,0,4,Monday,2,2019
2019020323,2019-02-03,23,3,Sunday,2,2019
2019020322,2019-02-03,22,3,Sunday,2,2019
2019020321,2019-02-03,21,3,Sunday,2,2019
2019020320,2019-02-03,20,3,Sunday,2,2019
2019020319,2019-02-03,19,3,Sunday,2,2019
2019020318,2019-02-03,18,3,Sunday,2,2019
2019020317,2019-02-03,17,3,Sunday,2,2019
2019020316,2019-02-03,16,3,Sunday,2,2019
2019020315,2019-02-03,15,3,Sunday,2,2019
2019020314,2019-02-03,14,3,Sunday,2,2019
2019020313,2019-02-03,13,3,Sunday,2,2019
2019020312,2019-02-03,12,3,Sunday,2,2019
2019020311,2019-02-03,11,3,Sunday,2,2019
2019020310,2019-02-03,10,3,Sunday,2,2019
2019020309,2019-02-03,9,3,Sunday,2,2019
2019020308,2019-02-03,8,3,Sunday,2,2019
2019020307,2019-02-03,7,3,Sunday,2,2019
2019020306,2019-02-03,6,3,Sunday,2,2019
2019020305,2019-02-03,5,3,Sunday,2,2019
2019020304,2019-02-03,4,3,Sunday,2,2019
2019020303,2019-02-03,3,3,Sunday,2,2019
2019020302,2019-02-03,2,3,Sunday,2,2019
2019020301,2019-02-03,1,3,Sunday,2,2019
2019020300,2019-02-03,0,3,Sunday,2,2019
2019020223,2019-02-02,23,2,Saturday,2,2019
2019020222,2019-02-02,22,2,Saturday,2,2019
2019020221,2019-02-02,21,2,Saturday,2,2019
2019020220,2019-02-02,20,2,Saturday,2,2019
2019020219,2019-02-02,19,2,Saturday,2,2019
2019020218,2019-02-02,18,2,Saturday,2,2019
2019020217,2019-02-02,17,2,Saturday,2,2019
2019020216,2019-02-02,16,2,Saturday,2,2019
2019020215,2019-02-02,15,2,Saturday,2,2019
2019020214,2019-02-02,14,2,Saturday,2,2019
2019020213,2019-02-02,13,2,Saturday,2,2019
2019020212,2019-02-02,12,2,Saturday,2,2019
2019020211,2019-02-02,11,2,Saturday,2,2019
2019020210,2019-02-02,10,2,Saturday,2,2019
2019020209,2019-02-02,9,2,Saturday,2,2019
2019020208,2019-02-02,8,2,Saturday,2,2019
2019020207,2019-02-02,7,2,Saturday,2,2019
2019020206,2019-02-02,6,2,Saturday,2,2019
2019020205,2019-02-02,5,2,Saturday,2,2019
2019020204,2019-02-02,4,2,Saturday,2,2019
2019020203,2019-02-02,3,2,Saturday,2,2019
2019020202,2019-02-02,2,2,Saturday,2,2019
2019020201,2019-02-02,1,2,Saturday,2,2019
2019020200,2019-02-02,0,2,Saturday,2,2019
2019020123,2019-02-01,23,1,Friday,2,2019
2019020122,2019-02-01,22,1,Friday,2,2019
2019020121,2019-02-01,21,1,Friday,2,2019
2019020120,2019-02-01,20,1,Friday,2,2019
2019020119,2019-02-01,19,1,Friday,2,2019
2019020118,2019-02-01,18,1,Friday,2,2019
2019020117,2019-02-01,17,1,Friday,2,2019
2019020116,2019-02-01,16,1,Friday,2,2019
2019020115,2019-02-01,15,1,Friday,2,2019
2019020114,2019-02-01,14,1,Friday,2,2019
2019020113,2019-02-01,13,1,Friday,2,2019
2019020112,2019-02-01,12,1,Friday,2,2019
2019020111,2019-02-01,11,1,Friday,2,2019
2019020110,2019-02-01,10,1,Friday,2,2019
2019020109,2019-02-01,9,1,Friday,2,2019
2019020108,2019-02-01,8,1,Friday,2,2019
2019020107,2019-02-01,7,1,Friday,2,2019
2019020106,2019-02-01,6,1,Friday,2,2019
2019020105,2019-02-01,5,1,Friday,2,2019
2019020104,2019-02-01,4,1,Friday,2,2019
2019020103,2019-02-01,3,1,Friday,2,2019
2019020102,2019-02-01,2,1,Friday,2,2019
2019020101,2019-02-01,1,1,Friday,2,2019
2019020100,2019-02-01,0,1,Friday,2,2019
